Fecha,Hora,Plataforma,Tipo,Articulo,Slug,Imagen,Contenido,Slides
24/3/2026,07:30 AM,LinkedIn/FB,Carrusel (8 slides),,ia-ecuador-casos-reales,https://cesarweb.b-cdn.net/articulos/portada_ia_ecuador_casos_reales_1774375909375.png,"La IA no va a reemplazar tu negocio, pero un competidor que use IA sí lo hará...",L1: Gancho Disruptivo | L2: Dolo/Estadística | L3: Agitación | L4: Solución César | L5: Paso 1 | L6: Paso 2 | L7: Beneficio | L8: CTA WhatsApp
24/3/2026,08:00 PM,Instagram,Carrusel (8 slides),,ia-ecuador-casos-reales,https://cesarweb.b-cdn.net/articulos/portada_ia_ecuador_casos_reales_1774375909375.png,¿Duermes? Tu competencia no. 🤖 La IA en Ecuador...,L1: Gancho Disruptivo | L2: Dolo/Estadística | L3: Agitación | L4: Solución César | L5: Paso 1 | L6: Paso 2 | L7: Beneficio | L8: CTA WhatsApp
25/3/2026,07:30 AM,LinkedIn/FB,Imagen + Hook,,error-marketing-familiar-pymes,https://cesarweb.b-cdn.net/articulos/portada_error_marketing_familiar_2026_1774378705260.png,Delegar el marketing de tu empresa a un sobrino es el camino más rápido a la invisibilidad comercial...,
25/3/2026,08:00 PM,Instagram,Imagen + Hook,,error-marketing-familiar-pymes,https://cesarweb.b-cdn.net/articulos/portada_error_marketing_familiar_2026_1774378705260.png,"Tu sobrino sabe subir fotos, pero ¿sabe construir una base de datos?...",
26/3/2026,07:30 AM,LinkedIn/FB,Carrusel (8 slides),,guia-definitiva-seo-local,https://cesarweb.b-cdn.net/articulos/portada_seo_local_maps_2026_v2_1774379800627.png,"Tienes el mejor producto de la ciudad, pero eres invisible para quien tiene el dinero en la mano...",L1: Gancho Disruptivo | L2: Dolo/Estadística | L3: Agitación | L4: Solución César | L5: Paso 1 | L6: Paso 2 | L7: Beneficio | L8: CTA WhatsApp
26/3/2026,08:00 PM,Instagram,Carrusel (8 slides),,guia-definitiva-seo-local,https://cesarweb.b-cdn.net/articulos/portada_seo_local_maps_2026_v2_1774379800627.png,¿Eres invisible en tu propia ciudad? 📍...,L1: Gancho Disruptivo | L2: Dolo/Estadística | L3: Agitación | L4: Solución César | L5: Paso 1 | L6: Paso 2 | L7: Beneficio | L8: CTA WhatsApp
27/3/2026,07:30 AM,LinkedIn/FB,Imagen + Hook,,guia-whatsapp-crm-ia,https://cesarweb.b-cdn.net/articulos/cesar-reyes-marca-generica.webp,"Si usas WhatsApp solo para chatear, estás matando tu rentabilidad. Descubre cómo convertirlo en un CRM automatizado.",
27/3/2026,08:00 PM,Instagram,Imagen + Hook,,guia-whatsapp-crm-ia,https://cesarweb.b-cdn.net/articulos/cesar-reyes-marca-generica.webp,Tu clon de ventas con IA. 🤖 Cierra tratos mientras duermes.,
28/3/2026,07:30 AM,LinkedIn/FB,Imagen + Hook,,ecommerce-catalogos-digitales-ventas,https://cesarweb.b-cdn.net/articulos/cesar-reyes-marca-generica.webp,"Un catálogo en PDF no cierra ventas, bloquea memorias de teléfono. Transfórmalo en una herramienta interactiva hoy.",
28/3/2026,08:00 PM,Instagram,Imagen + Hook,,ecommerce-catalogos-digitales-ventas,https://cesarweb.b-cdn.net/articulos/cesar-reyes-marca-generica.webp,Tira el PDF a la basura 🗑️ Vende en 3 clics.,
29/3/2026,07:30 AM,LinkedIn/FB,Imagen + Hook,,networking-digital-activaqr,https://cesarweb.b-cdn.net/articulos/cesar-reyes-marca-generica.webp,Entregar una tarjeta de papel es el equivalente a usar una máquina de escribir...,
29/3/2026,08:00 PM,Instagram,Imagen + Hook,,networking-digital-activaqr,https://cesarweb.b-cdn.net/articulos/cesar-reyes-marca-generica.webp,Tira los cartones a la basura. 🗑️ La primera impresión es digital.,
30/3/2026,07:30 AM,LinkedIn/FB,Imagen + Hook,,sindrome-madrugada-ventas,https://cesarweb.b-cdn.net/articulos/cesar-reyes-marca-generica.webp,Cerrar tu 'local digital' a las 6 PM es un suicidio comercial. Atiende 24/7.,
30/3/2026,08:00 PM,Instagram,Imagen + Hook,,sindrome-madrugada-ventas,https://cesarweb.b-cdn.net/articulos/cesar-reyes-marca-generica.webp,¿Duermes? Tus leads no. 🌙 Descubre cómo un Bot CRM atiende por ti.,
31/3/2026,07:30 AM,LinkedIn/FB,Imagen + Hook,,chau-excel-gestion-empresarial,https://cesarweb.b-cdn.net/articulos/cesar-reyes-marca-generica.webp,Tu empresa tiene un techo de cristal si depende de un archivo compartido para decisiones.,
31/3/2026,08:00 PM,Instagram,Imagen + Hook,,chau-excel-gestion-empresarial,https://cesarweb.b-cdn.net/articulos/cesar-reyes-marca-generica.webp,¿Vives con miedo a que se borre una celda? 📊 Pásate a la nube.,
1/4/2026,07:30 AM,LinkedIn/FB,Carrusel (8 slides),,arquitectura-conversion-eficiencia,https://cesarweb.b-cdn.net/articulos/portada_infraestructura_vs_bonita_2026_1774380285047.png,"Si tu logística no es automática, el crecimiento de tu empresa te destruirá. Descubre la infraestructura de conversión.",L1: Gancho Disruptivo | L2: Dolo/Estadística | L3: Agitación | L4: Solución César | L5: Paso 1 | L6: Paso 2 | L7: Beneficio | L8: CTA WhatsApp
1/4/2026,08:00 PM,Instagram,Carrusel (8 slides),,arquitectura-conversion-eficiencia,https://cesarweb.b-cdn.net/articulos/portada_infraestructura_vs_bonita_2026_1774380285047.png,Velocidad y Conversión 🚀 Prepara tu web para escalar.,L1: Gancho Disruptivo | L2: Dolo/Estadística | L3: Agitación | L4: Solución César | L5: Paso 1 | L6: Paso 2 | L7: Beneficio | L8: CTA WhatsApp
2/4/2026,07:30 AM,LinkedIn/FB,Imagen + Hook,,nuevos-mercados-ecuador-2026,https://cesarweb.b-cdn.net/articulos/cesar-reyes-marca-generica.webp,El verdadero dinero en el Ecuador de 2026 está en la digitalización de lo complejo y operativo.,
2/4/2026,08:00 PM,Instagram,Imagen + Hook,,nuevos-mercados-ecuador-2026,https://cesarweb.b-cdn.net/articulos/cesar-reyes-marca-generica.webp,¿Buscas nuevos clientes? 💰 Los nichos de 2019 están saturados. Mira dónde está el margen hoy.,
3/4/2026,07:30 AM,LinkedIn/FB,Imagen + Hook,,automatizacion-pyme-asequible,https://cesarweb.b-cdn.net/articulos/cesar-reyes-marca-generica.webp,"En 2026, la automatización es lo que te permite pivotar en días mientras los grandes tardan meses.",
3/4/2026,08:00 PM,Instagram,Imagen + Hook,,automatizacion-pyme-asequible,https://cesarweb.b-cdn.net/articulos/cesar-reyes-marca-generica.webp,¿Automatización para grandes? Mentira. 🤖 Es la herramienta de democratización del éxito.,
4/4/2026,07:30 AM,LinkedIn/FB,Imagen + Hook,,señales-confianza-seo-local,https://cesarweb.b-cdn.net/articulos/cesar-reyes-marca-generica.webp,"Consistencia, activación y contexto local. Google Maps premia a quien responde reseñas rápido.",
4/4/2026,08:00 PM,Instagram,Imagen + Hook,,señales-confianza-seo-local,https://cesarweb.b-cdn.net/articulos/cesar-reyes-marca-generica.webp,¿Ficha de Google muerta? 📍 Google Maps es un club exclusivo y tú estás fuera por inactividad.,
5/4/2026,07:30 AM,LinkedIn/FB,Imagen + Hook,,seo-b2b-autoridad-digital-ia,https://cesarweb.b-cdn.net/articulos/cesar-reyes-marca-generica.webp,"Si la Inteligencia Artificial no sabe que existes, eres invisible. Conquista el SEO B2B hoy mismo.",
5/4/2026,08:00 PM,Instagram,Imagen + Hook,,seo-b2b-autoridad-digital-ia,https://cesarweb.b-cdn.net/articulos/cesar-reyes-marca-generica.webp,Dominando a Google y la IA 👔 Autoridad B2B real.,
6/4/2026,07:30 AM,LinkedIn/FB,Imagen + Hook,,ciberseguridad-pyme-ecuador,https://cesarweb.b-cdn.net/articulos/cesar-reyes-marca-generica.webp,"La seguridad es el cimiento de la confianza. Sin seguridad, el marketing no sirve de nada.",
6/4/2026,08:00 PM,Instagram,Imagen + Hook,,ciberseguridad-pyme-ecuador,https://cesarweb.b-cdn.net/articulos/cesar-reyes-marca-generica.webp,"Un hackeo es un problema de marca, no técnico. 🛡️ Cumple con la ley y protege a tu cliente.",
7/4/2026,07:30 AM,LinkedIn/FB,Imagen + Hook,,networking-para-ceos,https://cesarweb.b-cdn.net/articulos/portada_activaqr_networking_2026_1774380305318.png,"La reputación digital te precede. Si no eres sólido online, empiezas la reunión con desventaja.",
7/4/2026,08:00 PM,Instagram,Imagen + Hook,,networking-para-ceos,https://cesarweb.b-cdn.net/articulos/portada_activaqr_networking_2026_1774380305318.png,Tu marca personal es tu central de cierre. 👔 No dejes que el papel defina tu liderazgo corporativo.,
8/4/2026,07:30 AM,LinkedIn/FB,Imagen + Hook,,email-marketing-2026-ecuador,https://cesarweb.b-cdn.net/articulos/cesar-reyes-marca-generica.webp,Nutrición técnica y humana. Sé el dueño de tu audiencia y deja de depender de algoritmos ajenos.,
8/4/2026,08:00 PM,Instagram,Imagen + Hook,,email-marketing-2026-ecuador,https://cesarweb.b-cdn.net/articulos/cesar-reyes-marca-generica.webp,"WhatsApp para la urgencia, Email para la relación. 📧 Construye un activo propietario hoy.",
9/4/2026,07:30 AM,LinkedIn/FB,Imagen + Hook,,guias-definitiva-menus-digitales-restaurantes,https://cesarweb.b-cdn.net/articulos/cesar-reyes-marca-generica.webp,La gastronomía moderna no sobrevive con papel. Evoluciona a pedidos directos desde la mesa.,
9/4/2026,08:00 PM,Instagram,Imagen + Hook,,guias-definitiva-menus-digitales-restaurantes,https://cesarweb.b-cdn.net/articulos/cesar-reyes-marca-generica.webp,[CARRUSEL] 3 Formas en las que tu menú en papel quema tus ganancias 🍽️.,
10/4/2026,07:30 AM,LinkedIn/FB,Imagen + Hook,,costo-oculto-imprimir-menus,https://cesarweb.b-cdn.net/articulos/cesar-reyes-marca-generica.webp,La inflación te obliga a cambiar precios rápido. Un menú físico es una camisa de fuerza.,
10/4/2026,08:00 PM,Instagram,Imagen + Hook,,costo-oculto-imprimir-menus,https://cesarweb.b-cdn.net/articulos/cesar-reyes-marca-generica.webp,Papel manchado = Pérdida de marca 🗑️. Pásate al digital.,
11/4/2026,07:30 AM,LinkedIn/FB,Imagen + Hook,,aumentar-ticket-promedio-menu-fotografico,https://cesarweb.b-cdn.net/articulos/cesar-reyes-marca-generica.webp,Tu mesero se olvida de ofrecer el postre. Tu sistema digital jamás lo olvida.,
11/4/2026,08:00 PM,Instagram,Imagen + Hook,,aumentar-ticket-promedio-menu-fotografico,https://cesarweb.b-cdn.net/articulos/cesar-reyes-marca-generica.webp,"Entra por los ojos, sale en efectivo 🍟. Aplica Upselling visual hoy.",
12/4/2026,07:30 AM,LinkedIn/FB,Imagen + Hook,,elimina-fila-pedidos-mesa,https://cesarweb.b-cdn.net/articulos/cesar-reyes-marca-generica.webp,Tu cliente levantando la mano al aire por 15 minutos para pedir la cuenta es ineficiencia pura. Cero filas en 2026.,
12/4/2026,08:00 PM,Instagram,Imagen + Hook,,elimina-fila-pedidos-mesa,https://cesarweb.b-cdn.net/articulos/cesar-reyes-marca-generica.webp,¿Filas para pagar? Fricción mortal ⏳. Cobra directo en la mesa.,
13/4/2026,07:30 AM,LinkedIn/FB,Imagen + Hook,,el-nuevo-estandar-networking-b2b,https://cesarweb.b-cdn.net/articulos/cesar-reyes-marca-generica.webp,Entregar cartones en 2026 es el equivalente a enviar un fax. Pásate al estándar B2B inteligente.,
13/4/2026,08:00 PM,Instagram,Imagen + Hook,,el-nuevo-estandar-networking-b2b,https://cesarweb.b-cdn.net/articulos/cesar-reyes-marca-generica.webp,[CARRUSEL] 3 Razones por las que el CEO moderno usa NFC 👔.,
14/4/2026,07:30 AM,LinkedIn/FB,Imagen + Hook,,tarjetas-papel-basura-estadistica,https://cesarweb.b-cdn.net/articulos/cesar-reyes-marca-generica.webp,"Si tu prospecto necesita digitar a mano tu correo sacándolo de un papelito, no te va a escribir.",
14/4/2026,08:00 PM,Instagram,Imagen + Hook,,tarjetas-papel-basura-estadistica,https://cesarweb.b-cdn.net/articulos/cesar-reyes-marca-generica.webp,El cementerio del papel 🗑️. Deja de financiar imprentas.,
15/4/2026,07:30 AM,LinkedIn/FB,Imagen + Hook,,capturar-dato-evento-b2b-3-segundos,https://cesarweb.b-cdn.net/articulos/cesar-reyes-marca-generica.webp,"El objetivo de ir a un evento no es repartir tus datos, es capturar los datos de los demás. Hazlo fácil.",
15/4/2026,08:00 PM,Instagram,Imagen + Hook,,capturar-dato-evento-b2b-3-segundos,https://cesarweb.b-cdn.net/articulos/cesar-reyes-marca-generica.webp,Intercambio bidireccional en 3 segundos ⏱️. Magia corporativa.,
16/4/2026,07:30 AM,LinkedIn/FB,Imagen + Hook,,networking-cierre-ventas-crm,https://cesarweb.b-cdn.net/articulos/cesar-reyes-marca-generica.webp,Un apretón de manos no vale nada si no se traduce en un seguimiento predecible. Integra todo a tu CRM central.,
16/4/2026,08:00 PM,Instagram,Imagen + Hook,,networking-cierre-ventas-crm,https://cesarweb.b-cdn.net/articulos/cesar-reyes-marca-generica.webp,No pierdas seguimientos en Excel 📁. El CRM recibe la data del evento de inmediato.,
