Consultas principales,Clics,Impresiones,CTR,Posición
cesar reyes,10,33,30.3%,3.94
césar reyes,4,8,50%,1.25
rendimiento publicitario,0,28,0%,46.18
rendimiento de la campaña,0,18,0%,66.11
nichos de mercado,0,17,0%,55.53
julio cesar reyes,0,4,0%,8.25
nichos de mercados,0,4,0%,64
mercado nicho,0,2,0%,12
mercados de nicho,0,2,0%,12
mercados nicho,0,2,0%,13
que son los nichos,0,2,0%,61.5
que son nichos,0,2,0%,69.5
seo la campanilla méjico,0,1,0%,5
restaurante reyes,0,1,0%,7
nichos digitales,0,1,0%,9
reyes jaramillo,0,1,0%,9
nicho empresarial,0,1,0%,12
nichos de mercado que es,0,1,0%,12
seo san felipe de los reyes méjico,0,1,0%,12
nichos que es,0,1,0%,78
que nicho de mercado,0,1,0%,79
qué son nichos,0,1,0%,86