Páginas principales,Clics,Impresiones,CTR,Posición
https://cesarreyesjaramillo.com/,21,176,11.93%,3.82
https://cesarreyesjaramillo.com/blog/asesoria-de-negocios-para-pymes/nichos-de-mercado-que-son-y-como-reconocerlos/,1,121,0.83%,28.85
https://cesarreyesjaramillo.com/blog/asesoria-de-negocios-para-pymes/rendimiento-en-campanas/,0,60,0%,42.78
https://cesarreyesjaramillo.com/blog/asesoria-de-negocios-para-pymes/automatizacion-de-procesos-en-el-estudio-de-arquitectura/,0,22,0%,8.95
https://cesarreyesjaramillo.com/portafolio/seo-campanas/,0,20,0%,5.6
https://cesarreyesjaramillo.com/blog/asesoria-de-negocios-para-pymes/como-vender-algo-en-facebook/,0,10,0%,6.3
https://cesarreyesjaramillo.com/portafolio/automatizacion-de-procesos/,0,9,0%,2.78
https://cesarreyesjaramillo.com/blog/articulos-sobre-automatizacion-para-tu-empresa/automatizacion-para-pymes-en-2025/,0,7,0%,7.29
https://cesarreyesjaramillo.com/portafolio/estudio-de-mercado/,0,6,0%,6
https://cesarreyesjaramillo.com/blog/asesoria-de-negocios-para-pymes/marketing-digital-para-emprendedores/,0,5,0%,10.8
https://cesarreyesjaramillo.com/?r3d=catalogo-de-precios,0,3,0%,3.33
https://cesarreyesjaramillo.com/?post_type=r3d,0,3,0%,8.67
https://cesarreyesjaramillo.com/blog/asesoria-de-negocios-para-pymes/artesanos-pequenos-empresarios-y-pymes/,0,2,0%,5
https://cesarreyesjaramillo.com/blog/articulos-sobre-seo-y-campanas-de-marketing/facebook-caido/,0,1,0%,9
https://cesarreyesjaramillo.com/blog/page/2/,0,1,0%,9
https://cesarreyesjaramillo.com/blog/asesoria-de-negocios-para-pymes/6-claves-del-exito-2024/,0,1,0%,10
https://cesarreyesjaramillo.com/blog/asesoria-de-negocios-para-pymes/fotografia-editorial/,0,1,0%,11
https://cesarreyesjaramillo.com/?mailpoet_page=captcha,0,1,0%,13
https://cesarreyesjaramillo.com/blog/asesoria-de-negocios-para-pymes/estrategias-de-marketing-digital/,0,1,0%,15