ID,Silo,Título,Tipo,Palabras_Est,Hub_URL,Enlace_Pilar,Intención_Búsqueda,Draft_Status,Slug,Thumbnail,Contenido_Markdown,Post_FB,Post_IG,Post_LI,Post_X,URL_Final,Hook_TikTok,Script_Video,Story_Idea,Prompt_Portada_16_9,imagePromptInternal1,imagePromptInternal2
1,automatizacion-de-ventas,¿Cómo usar la Inteligencia Artificial en mi negocio en Ecuador? (Caso Real),Cluster,850,/analisis-estrategico,/blog/automatizacion/guia-whatsapp-crm-ia,Descubrimiento,Ready,ia-ecuador-casos-reales,https://cesarweb.b-cdn.net/ia-ecuador-casos-reales.webp,,"🇪🇨 El futuro no es 'usar IA', es saber DÓNDE aplicarla para no perder dinero. Mira este caso real de cómo una empresa en Loja automatizó sus ventas.",¿Duermes? Tu competencia no. 🤖 La IA en Ecuador...,"La IA no va a reemplazar tu negocio, pero un competidor que use IA sí lo hará...",La IA en Ecuador: No es 'chatear con un bot'...,https://www.cesarreyesjaramillo.com/blog/marketing-para-pymes/ia-ecuador-casos-reales,"La IA en Ecuador no es ciencia ficción, es ahorro real. 🤖💰",Gancho: Lo que nadie te dice de la IA en Ecuador...,,Cinematographic wide shot. A futuristic bridge made of golden energy and blue data streams crossing a deep canyon...,,
2,marketing-para-pymes,Mi hijo maneja las redes: El error estratégico que está quebrando a las PYMEs,Cluster,850,/desarrollo-web/tu-negocio-24-7,/analisis-estrategico/estrategia-ganar-clientes,Reconocimiento,Ready,error-marketing-familiar-pymes,https://cesarweb.b-cdn.net/error-marketing-familiar-pymes.webp,,"⚠️ Alerta PYME: Delegar tus redes al 'sobrino' que sabe subir fotos es el error más costoso de 2026. El marketing no es visual, es ESTRUCTURAL.","Tu sobrino sabe subir fotos, pero ¿sabe construir una base de datos?...",Delegar el marketing de tu empresa a un sobrino es el camino más rápido a la invisibilidad comercial...,"¿Likes o Ventas? Si tu 'community manager' es un familiar, tienes un hobby, no una empresa.",https://www.cesarreyesjaramillo.com/blog/marketing-para-pymes/error-marketing-familiar-pymes,,,,"Actúa como un Director de Arte de élite y fotógrafo publicitario. Genera una imagen fotorrealista 3D en formato 16:9. Estilo: Organic-Premium. ESCENA: Un semáforo solitario brillando en verde intenso en una calle nocturna empedrada y solitaria. IDENTIDAD ECUADOR: Arquitectura colonial del Centro Histórico de Quito con reflejos de lluvia. Integra el logotipo transparente de ""Objetivo"" como: Logo 'Objetivo' pirograbado en la base de piedra del semáforo. TEXTO: ""EL SEMÁFORO EN VERDE"" - ""Pero la calle está vacía"".",,
3,posicionamiento-en-google,Por qué no apareces en Google Maps aunque tengas el mejor producto de la ciudad,Cluster,850,/posicionamiento/auditoria-seo-rediseno,N/A,Diagnóstico,Ready,guia-definitiva-seo-local,https://cesarweb.b-cdn.net/guia-definitiva-seo-local.webp,,"📍 Si no apareces en Google Maps cuando alguien busca 'tu servicio + tu ciudad', simplemente no existes.",¿Eres invisible en tu propia ciudad? 📍...,"Tienes el mejor producto de la ciudad, pero eres invisible...",¿Buscas un negocio y sale tu competencia pero tú no?...,https://www.cesarreyesjaramillo.com/blog/posicionamiento-en-google/guia-definitiva-seo-local,,,,Hyper-realistic wide landscape. A golden metallic lighthouse on a misty Ecuadorian cliffside...,,
4,automatizacion-de-ventas,Guía Definitiva de WhatsApp y CRM con IA en Ecuador (2026),Cluster,850,/desarrollo-web/tu-negocio-24-7,N/A,Transaccional,Ready,guia-whatsapp-crm-ia,https://cesarweb.b-cdn.net/guia-whatsapp-crm-ia.webp,,Automatiza tus ventas 24/7 y deja de perder dinero en la madrugada.,Tu clon de ventas con IA. 🤖 Cierra tratos mientras duermes.,"Si usas WhatsApp solo para chatear, estás matando tu rentabilidad...",Automatiza WhatsApp o muere. La IA atiende 24/7 y cierra por ti.,https://www.cesarreyesjaramillo.com/blog/marketing-para-pymes/guia-whatsapp-crm-ia,,,,Hyper-realistic close-up. A stylized human heart made of glowing golden fiber optics...,,
5,automatizacion-de-ventas,E-commerce y Catálogos Digitales: Cómo Vender sin Fricción en 2026,Cluster,850,/desarrollo-web/tu-sucursal-online,N/A,Transaccional,Ready,ecommerce-catalogos-digitales-ventas,https://cesarweb.b-cdn.net/ecommerce-catalogos-digitales-ventas.webp,,El error de enviar PDFs que nadie descarga. Evoluciona al catálogo dinámico interactivo.,Tira the PDF to trash 🗑️ Vende en 3 clics,"Un catálogo en PDF no cierra ventas, bloquea memorias de teléfono.","Si tarda más de 3 clics en comprar, se fue a la competencia.",https://www.cesarreyesjaramillo.com/blog/marketing-para-pymes/ecommerce-catalogos-digitales-ventas,,,,Cinematographic close-up. A high-end fountain pen writing a signature on a luminous holographic contract...,,
6,automatizacion-de-ventas,Networking en 2026: Por qué entregar tarjetas de papel te hace ver obsoleto,Cluster,850,/desarrollo-web/tarjeta-digital,N/A,Solución,Ready,networking-digital-activaqr,https://cesarweb.b-cdn.net/networking-digital-activaqr.webp,,¿Sigues cargando cartones en el bolsillo? El 88% terminan en la basura...,Tira los cartones a la basura. 🗑️ La primera impresión es digital.,Entregar una tarjeta de papel es el equivalente a usar una máquina de escribir...,¿Estatus o papel? Pásate a la tecnología ActivaQR.,https://www.cesarreyesjaramillo.com/blog/marketing-para-pymes/networking-digital-activaqr,,,,"Cinematographic wide shot. A wrinkled, old paper business card disintegrating into golden dust...",,
7,automatizacion-de-ventas,El Síndrome de la Madrugada: Cuánto dinero pierdes mientras tu negocio duerme,Cluster,850,/desarrollo-web/tu-negocio-24-7,N/A,Comercial,Ready,sindrome-madrugada-ventas,https://cesarweb.b-cdn.net/sindrome-madrugada-ventas.webp,,¿Te despiertas con 20 mensajes sin leer? El pico de búsqueda es nocturno...,¿Duermes? Tus leads no. 🌙 Descubre cómo un Bot CRM atiende por ti.,Cerrar tu 'local digital' a las 6 PM es un suicidio comercial.,Pierdes más dinero en la madrugada de lo que crees.,https://www.cesarreyesjaramillo.com/blog/marketing-para-pymes/sindrome-madrugada-ventas,,,,Cinematic landscape. A moonlit office with a large window. Virgen del Panecillo visible...,,
8,automatizacion-de-ventas,Por qué las empresas que usan Excel para gestionar su inventario siempre llegan tarde,Cluster,850,/desarrollo-web/tu-empresa-online,N/A,Frustración,Ready,chau-excel-gestion-empresarial,https://cesarweb.b-cdn.net/chau-excel-gestion-empresarial.webp,,Excel no es una base de datos. Tu negocio tiene un techo de cristal.,¿Vives con miedo a que se borre una celda? 📊 Pásate a la nube.,Tu empresa tiene un techo de cristal si depende de un archivo compartido.,Excel te dice qué pasó ayer. Un sistema B2B te dice qué pasará mañana.,https://www.cesarreyesjaramillo.com/blog/marketing-para-pymes/chau-excel-gestion-empresarial,,,,Professional food photography. A bowl of Encebollado with Objetivo logo toothpick flag...,,
9,marketing-para-pymes,Arquitectura de Conversión y Eficiencia Operativa para PYMES,Cluster,850,/desarrollo-web/plataformas-y-embudos-operativos,N/A,Comercial,Ready,arquitectura-conversion-eficiencia,https://cesarweb.b-cdn.net/arquitectura-conversion-eficiencia.webp,,"De nada sirve tener 10,000 visitas si tu operación colapsa.",Velocidad y Conversión 🚀 Prepara tu web para escalar.,"Si tu logística no es automática, el crecimiento de tu empresa te destruirá.",Más ventas con mala logística = pérdida de margen.,https://www.cesarreyesjaramillo.com/blog/marketing-para-pymes/arquitectura-conversion-eficiencia,,,,"Cinematographic shot. A dark, dusty storage room. Golden light pouring out of a drawer...",,
10,marketing-para-pymes,Nuevos Mercados 2026: Dónde está el dinero en el Ecuador Digital,Cluster,850,/analisis-estrategico/estudio-factibilidad,N/A,Solución,Ready,nuevos-mercados-ecuador-2026,https://cesarweb.b-cdn.net/nuevos-mercados-ecuador-2026.webp,,¿La situación está difícil? El dinero simplemente cambió de canal.,¿Buscas nuevos clientes? 💰 Los nichos de 2019 están saturados.,"El dinero en Ecuador no se fue, simplemente cambió de manos y de canal.",Deja de competir por precio. Identifica la fricción operativa.,https://www.cesarreyesjaramillo.com/blog/marketing-para-pymes/nuevos-mercados-ecuador-2026,,,,"High-end professional photography. A bright, modern medical office. Tablet glows with golden calendar...",,
11,automatizacion-de-ventas,El Futuro de la PYME: Automatización Asequible en 2026,Cluster,850,/desarrollo-web/tu-empresa-online,N/A,Descubrimiento,Ready,automatizacion-pyme-asequible,https://cesarweb.b-cdn.net/automatizacion-pyme-asequible.webp,,La automatización ya no es solo para corporaciones. Hoy es el escudo de la PYME.,¿Automatización para grandes? Mentira. 🤖 Democratización del éxito.,"La automatización no es un lujo corporativo, es el escudo de la PYME.",Regálate 15 horas de libertad a la semana. Automatiza.,https://www.cesarreyesjaramillo.com/blog/marketing-para-pymes/automatizacion-pyme-asequible,,,,"Gritty, professional photography. Close-up of workshop table. Heavy metallic wrench with Objetivo logo...",,
12,posicionamiento-en-google,Señales de Confianza: El secreto de Google para negocios locales,Cluster,850,/posicionamiento/seo-local-quito-ecuador,N/A,Confianza,Ready,señales-confianza-seo-local,https://cesarweb.b-cdn.net/señales-confianza-seo-local.webp,,¿Ficha de Google muerta? 📍 Inactividad es invisibilidad.,¿Por qué Google muestra a tu competencia primero? Le faltan señales.,¿Ficha de Google Maps muerta? 📍 Google es un club exclusivo y te está dejando fuera.,"Si tu ficha no tiene fotos ni respuestas, Google piensa que ya no existes.",https://www.cesarreyesjaramillo.com/blog/posicionamiento-en-google/señales-confianza-seo-local,,,,"Warm cinematic shot. Inside a cozy, high-end cafe in Cuenca. Cup with Objetivo logo embossed...",,
13,posicionamiento-en-google,SEO B2B y Autoridad Digital: Dominando Google y la IA en Ecuador,Cluster,850,/posicionamiento,N/A,Solución,Ready,seo-b2b-autoridad-digital-ia,https://cesarweb.b-cdn.net/seo-b2b-autoridad-digital-ia.webp,,¿El Gerente que necesitas no te encuentra? Positiciónate técnicamente.,Dominando a Google y la IA 👔 Autoridad B2B real.,Venderle a otra empresa es venderle a un experto. Proyecta autoridad técnica.,Vístete de autoridad. El mercado corporativo compra certeza.,https://www.cesarreyesjaramillo.com/blog/posicionamiento-en-google/seo-b2b-autoridad-digital-ia,,,,Cinematic architectural photography. Modern glass building in Samborondón...,,
14,marketing-para-pymes,Ciberseguridad PYME: Protegiendo los datos de tus clientes en Ecuador,Cluster,850,/analisis-estrategico,N/A,Prevención,Ready,ciberseguridad-pyme-ecuador,https://cesarweb.b-cdn.net/ciberseguridad-pyme-ecuador.webp,,¿Crees que eres muy pequeño para un hacker? Los bots no discriminan.,"Un hackeo es un problema de marca, no técnico. 🛡️",La Ley de Protección de Datos en Ecuador no es una sugerencia.,¿Backups? No esperes al desastre para blindar tu activo digital.,https://www.cesarreyesjaramillo.com/blog/marketing-para-pymes/ciberseguridad-pyme-ecuador,,,,Cinematographic landscape. Entrepreneur on a high-tech terrace overlooking futuristic Quito...,,
15,automatizacion-de-ventas,Networking para CEOs: Tu perfil digital es tu nueva oficina,Cluster,850,/desarrollo-web/tu-contacto-profesional,N/A,Estatus,Ready,networking-para-ceos,https://cesarweb.b-cdn.net/networking-para-ceos.webp,,Tú eres el activo más valioso de tu empresa. ¿Qué proyecta tu perfil digital?,Tu marca personal es tu mejor herramienta de cierre. 🏛️,Tú eres el activo más valioso de tu empresa. ¿Qué proyectas?,Toca con ActivaQR y entra directo al CRM del cliente premium.,https://www.cesarreyesjaramillo.com/blog/marketing-para-pymes/networking-para-ceos,,,,Professional workplace photography. Desk in an office in Cumbayá. Coffee mug with Objetivo logo...,,
16,marketing-para-pymes,Email Marketing 2026: Por qué no ha muerto y cómo usarlo en Ecuador,Cluster,850,/analisis-estrategico/estrategia-ganar-clientes,N/A,Educativo,Ready,email-marketing-2026-ecuador,https://cesarweb.b-cdn.net/email-marketing-2026-ecuador.webp,,¿Crees que el email murió? Es el canal con mayor ROI si dejas de hacer SPAM.,No dependas del algoritmo 📧. Construye tu base propia.,"WhatsApp para la urgencia, Email para la relación profunda.",Un cliente educado es un cliente fiel. Automatiza tu onboarding.,https://www.cesarreyesjaramillo.com/blog/marketing-para-pymes/email-marketing-2026-ecuador,,,,Cinematographic dark atmosphere. Tactical digital map of Ecuador glowing in blue...,,
17,automatizacion-de-ventas,Guía Definitiva de Menús Digitales y Pedidos Automáticos para Restaurantes (2026),Cluster,850,/desarrollo-web/tu-sucursal-online,N/A,Transaccional,Ready,guias-definitiva-menus-digitales-restaurantes,https://cesarweb.b-cdn.net/guias-definitiva-menus-digitales-restaurantes.webp,,[CARRUSEL] El PDF vs El Menú Inteligente. 🍔 Por qué el PDF te hace perder el 30% de pedidos.,[CARRUSEL] 3 Formas en las que tu menú en papel quema tus ganancias 🍽️.,[CARRUSEL] El PDF vs El Menú Inteligente. 🍔 Velocidad operativa.,"Tu comida es buena, tu sistema de pedidos es malo.",https://www.cesarreyesjaramillo.com/blog/activaqr/guias-definitiva-menus-digitales-restaurantes,,,,Cinematic portrait. Split background: gaming room vs high-end office with dashboards...,,
18,automatizacion-de-ventas,El Costo Oculto de Imprimir Menús Físicos Cada Mes,Cluster,850,/desarrollo-web/tu-sucursal-online,N/A,Frustración,Ready,costo-oculto-imprimir-menus,https://cesarweb.b-cdn.net/costo-oculto-imprimir-menus.webp,,¿Gastas $300 anuales en imprenta de menús? El papel es una camisa de fuerza.,Papel manchado = Pérdida de marca 🗑️. Pásate al digital.,¿Gastas $300 anuales en imprenta de menús? Estás subsidiando a la imprenta.,Sube el precio del proveedor y tú pierdes porque no puedes tachar el cartón.,https://www.cesarreyesjaramillo.com/blog/activaqr/costo-oculto-imprimir-menus,,,,Cinematic tech photography. Server room with blue lights. Tablet shows unified WhatsApp API...,,
19,automatizacion-de-ventas,Cómo Aumentar el Ticket Promedio un 20% Usando Fotografías en tu Menú QR,Cluster,850,/desarrollo-web/tu-sucursal-online,N/A,Solución,Ready,aumentar-ticket-promedio-menu-fotografico,https://cesarweb.b-cdn.net/aumentar-ticket-promedio-menu-fotografico.webp,,[CARRUSEL] El Upselling visual en restaurantes. El sistema digital nunca olvida.,"Entra por los ojos, sale en efectivo 🍟. Upselling visual.",[CARRUSEL] El Upselling visual en restaurantes. ¿Cómo lograr que pidan papas grandes?,"La gente no lee listas, ve fotos de comida suculenta.",https://www.cesarreyesjaramillo.com/blog/activaqr/aumentar-ticket-promedio-menu-fotografico,,,,Hyper-realistic conceptual art. Liquid gold metal forming words around human silhouette...,,
20,automatizacion-de-ventas,Elimina la Fila: Pedidos desde la Mesa Directo a la Cocina,Cluster,850,/desarrollo-web/tu-sucursal-online,N/A,Comercial,Ready,elimina-fila-pedidos-mesa,https://cesarweb.b-cdn.net/elimina-fila-pedidos-mesa.webp,,Cada 10 minutos de fila es una mesa menos de rotación. Elimina cajas centrales.,¿Filas para pagar? Fricción mortal ⏳. Cobra directo en la mesa.,Cada 10 minutos de fila para pagar es una mesa menos de rotación.,"La comida llega caliente, la cuenta se paga en 1 clic.",https://www.cesarreyesjaramillo.com/blog/activaqr/elimina-fila-pedidos-mesa,,,,Luxury architectural photography. Sunset penthouse view IQON building. Gold key Objetivo logo...,,
21,marketing-para-pymes,El Nuevo Estándar del Networking B2B: Tarjetas Inteligentes y CRM (2026),Cluster,850,/desarrollo-web/tarjeta-digital,N/A,Transaccional,Ready,el-nuevo-estandar-networking-b2b,https://cesarweb.b-cdn.net/el-nuevo-estandar-networking-b2b.webp,,[CARRUSEL] La anatomía del fracaso de la tarjeta de papel y la magia de ActivaQR B2B.,[CARRUSEL] 3 Razones por las que el CEO moderno usa NFC 👔.,[CARRUSEL] La anatomía del fracaso de la tarjeta de papel vs ActivaQR B2B.,Tu tarjeta de papel no cierra ventas. ActivaQR sí.,https://www.cesarreyesjaramillo.com/blog/activaqr/el-nuevo-estandar-networking-b2b,,,,Cinematographic close-up. Two hands holding dark wood gift box with Objetivo logo...,,
22,marketing-para-pymes,El 88% de las Tarjetas de Papel Terminan en la Basura,Cluster,850,/desarrollo-web/tu-contacto-profesional,N/A,Frustración,Ready,tarjetas-papel-basura-estadistica,https://cesarweb.b-cdn.net/tarjetas-papel-basura-estadistica.webp,,La estadística es brutal: $50 que imprimiste terminarán en el tacho en 48h.,El cementerio del papel 🗑️. Deja de financiar imprentas.,La estadística es brutal: Ese paquete de $50 terminará en el tacho en 48 horas.,El papel crea fricción. La fricción evapora tu inversión.,https://www.cesarreyesjaramillo.com/blog/activaqr/tarjetas-papel-basura-estadistica,,,,Epic industrial photography. Modern factory floor in Durán. Robotic arms Objetivo logo...,,
23,marketing-para-pymes,Cómo Capturar el Dato de tu Prospecto en 3 Segundos Durante un Evento,Cluster,850,/desarrollo-web/tarjeta-digital,N/A,Educativo,Ready,capturar-dato-evento-b2b-3-segundos,https://cesarweb.b-cdn.net/capturar-dato-evento-b2b-3-segundos.webp,,En una feria B2B tienes 30 segundos. Atrapa el lead en tu pantalla.,Intercambio bidireccional en 3 segundos ⏱️. Magia corporativa.,En una feria B2B tienes 30 segundos. Invierte 27 en hablar y 3 en capturar.,"Acerca tu tarjeta, abre tu perfil, atrapa el lead.",https://www.cesarreyesjaramillo.com/blog/activaqr/capturar-dato-evento-b2b-3-segundos,,,,Cinematographic wide angle. Left: gray office. Right: golden command center terminal Objetivo logo...,,
24,marketing-para-pymes,De la Tarjeta de Presentación al Cierre de Ventas: Integración CRM,Cluster,850,/desarrollo-web/tarjeta-digital,N/A,Comercial,Ready,networking-cierre-ventas-crm,https://cesarweb.b-cdn.net/networking-cierre-ventas-crm.webp,,[CARRUSEL] El flujo mágico: De la tarjeta NFC directo al CRM y al primer correo.,No pierdas seguimientos en Excel 📁. El CRM recibe la data de inmediato.,[CARRUSEL] El flujo mágico: De la tarjeta NFC directo al CRM.,De la sonrisa en la feria al contrato cerrado.,https://www.cesarreyesjaramillo.com/blog/activaqr/networking-cierre-ventas-crm,,,,Epic conceptual art. Massive crystalline Objetivo logo floating above clouds over Ecuador...,,
